config,ic_id,alpha0_deg,beta0_deg,Pe_min,Id0_over_Is,band0,band_frac0,omega_e0,fate,omega_e_final,omega_e_tailmean,ripple,t_end_yr,reached_horizon,beta_final_deg,Id_final_over_Is,regime_final,n_sep_crossings,eps_beta_max,in_domain,wall_s,error
telstar401,1,52.681,38.281,132.658,0.439076,LAM,0.1949,7.89395007e-04,equilibrium,3.46604386e-04,3.46604386e-04,2.815261e-15,100.0000,1,92.0718,1.000000,SAM,1,1.437735e-01,1,21.53,
telstar401,2,264.884,103.874,118.132,0.409256,LAM,0.1357,8.86467479e-04,equilibrium,3.62792551e-04,3.62792551e-04,2.390793e-15,100.0000,1,126.0654,1.000000,SAM,1,1.304956e-01,1,11.26,
telstar401,3,194.529,30.225,87.226,0.923531,SAM,0.5086,1.20056181e-03,equilibrium,1.10875604e-03,1.10875604e-03,0.000000e+00,100.0000,1,69.6867,1.000000,SAM,0,1.168961e-02,1,4.02,
telstar401,4,200.455,60.925,61.215,0.895743,SAM,0.3301,1.71067940e-03,equilibrium,1.53232893e-03,1.53232893e-03,0.000000e+00,100.0000,1,124.8502,1.000000,SAM,0,6.294131e-03,1,2.81,
telstar401,5,108.291,94.232,44.569,0.859510,SAM,0.0972,2.34962900e-03,equilibrium,2.01953070e-03,2.01953070e-03,0.000000e+00,100.0000,1,138.3151,1.000000,SAM,0,3.603342e-03,1,1.55,
telstar401,6,207.889,56.230,199.143,0.397926,LAM,0.1132,5.25852431e-04,cycling,2.11287857e-04,2.12787771e-04,1.668999e-02,100.0000,1,59.3025,0.990358,SAM,1,4.868112e-01,1,17.74,
telstar401,7,19.462,21.135,151.466,0.864057,SAM,0.1265,6.91376261e-04,equilibrium,5.97388612e-04,5.97388612e-04,9.074513e-16,100.0000,1,158.8188,1.000000,SAM,0,4.938121e-02,1,7.99,
telstar401,8,236.749,97.952,38.511,0.882384,SAM,0.2442,2.71921918e-03,equilibrium,2.39939558e-03,2.39939558e-03,0.000000e+00,100.0000,1,99.4008,1.000000,SAM,0,3.603168e-03,1,0.74,
telstar401,9,285.293,97.441,243.979,0.722241,LAM,0.7574,4.29216554e-04,equilibrium,3.09997665e-04,3.09997665e-04,3.147707e-15,100.0000,1,56.6087,1.000000,SAM,1,1.808167e-01,1,17.25,
telstar401,10,298.233,145.041,43.208,0.533736,LAM,0.3829,2.42359495e-03,equilibrium,1.29356024e-03,1.29356024e-03,0.000000e+00,100.0000,1,43.5222,1.000000,SAM,1,1.138225e-02,1,4.34,
telstar401,11,149.199,44.401,96.535,0.884943,SAM,0.2607,1.08478174e-03,equilibrium,9.59970013e-04,9.59970013e-04,0.000000e+00,100.0000,1,45.6721,1.000000,SAM,0,1.713580e-02,1,4.54,
telstar401,12,142.217,85.601,33.409,0.991863,SAM,0.9477,3.13452034e-03,equilibrium,3.10901482e-03,3.10901482e-03,0.000000e+00,100.0000,1,91.1164,1.000000,SAM,0,1.500207e-03,1,1.27,
telstar401,13,305.654,133.791,50.962,0.474864,LAM,0.2660,2.05485823e-03,equilibrium,9.75777561e-04,9.75777561e-04,0.000000e+00,100.0000,1,108.3019,1.000000,SAM,1,1.940978e-02,1,5.27,
telstar401,14,35.528,16.368,288.722,0.988532,SAM,0.9263,3.62701039e-04,equilibrium,3.58541746e-04,3.58541746e-04,7.559804e-16,100.0000,1,14.6532,1.000000,SAM,0,1.339782e-01,1,7.68,
telstar401,15,188.236,52.272,70.510,0.957758,SAM,0.7286,1.48518321e-03,equilibrium,1.42244563e-03,1.42244563e-03,0.000000e+00,100.0000,1,44.1097,1.000000,SAM,0,7.558259e-03,1,3.10,
telstar401,16,90.627,16.569,46.785,0.973408,SAM,0.8291,2.23832861e-03,equilibrium,2.17880633e-03,2.17880633e-03,0.000000e+00,100.0000,1,161.5456,1.000000,SAM,0,4.365122e-03,1,0.65,
telstar401,17,235.358,35.492,52.340,0.628125,LAM,0.5704,2.00076967e-03,equilibrium,1.25673413e-03,1.25673413e-03,0.000000e+00,100.0000,1,24.6174,1.000000,SAM,1,1.194230e-02,1,0.94,
telstar401,18,169.417,38.878,47.927,0.368335,LAM,0.0544,2.18497286e-03,equilibrium,8.04802404e-04,8.04802404e-04,0.000000e+00,100.0000,1,132.3691,1.000000,SAM,1,2.356031e-02,1,5.10,
telstar401,19,277.155,83.403,82.486,0.944212,SAM,0.6415,1.26955086e-03,equilibrium,1.19872537e-03,1.19872537e-03,0.000000e+00,100.0000,1,58.4861,1.000000,SAM,0,1.317937e-02,1,4.46,
telstar401,20,69.754,138.152,270.875,0.768664,LAM,0.8496,3.86597528e-04,equilibrium,2.97163536e-04,2.97163536e-04,3.812686e-14,100.0000,1,163.4798,1.000000,SAM,1,1.945424e-01,1,2.54,
telstar401,21,252.742,68.755,35.698,0.898632,SAM,0.3486,2.93351415e-03,equilibrium,2.63614841e-03,2.63614841e-03,0.000000e+00,100.0000,1,48.0272,1.000000,SAM,0,3.127034e-03,1,1.30,
telstar401,22,212.313,42.678,353.215,0.950502,SAM,0.6819,2.96476303e-04,equilibrium,2.81801433e-04,2.81801433e-04,4.790010e-14,100.0000,1,23.8436,1.000000,SAM,0,1.982393e-01,1,19.13,
telstar401,23,269.663,77.518,31.427,0.490756,LAM,0.2976,3.33215928e-03,equilibrium,1.63527820e-03,1.63527820e-03,0.000000e+00,100.0000,1,79.5205,1.000000,SAM,1,7.374455e-03,1,3.75,
telstar401,24,355.373,57.820,37.664,0.766377,LAM,0.8451,2.78036422e-03,equilibrium,2.13080761e-03,2.13080761e-03,0.000000e+00,100.0000,1,126.2221,1.000000,SAM,1,4.347757e-03,1,2.36,
telstar401,25,342.489,158.377,139.179,0.855539,SAM,0.0717,7.52408181e-04,equilibrium,6.43714822e-04,6.43714822e-04,0.000000e+00,100.0000,1,110.4152,1.000000,SAM,0,4.305032e-02,1,8.35,
telstar401,26,347.547,35.062,309.530,0.877185,SAM,0.2108,3.38319106e-04,equilibrium,2.96768582e-04,2.96768582e-04,2.922687e-15,100.0000,1,101.5405,1.000000,SAM,0,1.923475e-01,1,19.17,
telstar401,27,16.840,108.236,192.640,0.964960,SAM,0.7748,5.43604690e-04,equilibrium,5.24556724e-04,5.24556724e-04,4.133784e-16,100.0000,1,83.6447,1.000000,SAM,0,6.383033e-02,1,12.01,
telstar401,28,25.659,31.108,42.103,0.986713,SAM,0.9146,2.48725381e-03,equilibrium,2.45420601e-03,2.45420601e-03,0.000000e+00,100.0000,1,155.8792,1.000000,SAM,0,3.531048e-03,1,2.79,
telstar401,29,95.184,88.675,252.734,0.925691,SAM,0.5225,4.14348203e-04,equilibrium,3.83558393e-04,3.83558393e-04,0.000000e+00,100.0000,1,74.8534,1.000000,SAM,0,1.074005e-01,1,13.53,
telstar401,30,247.968,41.007,178.899,0.714259,LAM,0.7415,5.85356922e-04,equilibrium,4.18096564e-04,4.18096564e-04,2.593186e-16,100.0000,1,5.6291,1.000000,SAM,1,9.937990e-02,1,2.86,
telstar401,31,322.285,154.811,446.233,0.668962,LAM,0.6516,2.34674891e-04,cycling,1.75406458e-04,1.77472186e-04,2.330443e-02,100.0000,1,127.7700,0.895000,SAM,1,8.363844e-01,1,19.50,
telstar401,32,138.125,104.482,301.435,0.577372,LAM,0.4696,3.47403647e-04,cycling,2.00998152e-04,2.01259980e-04,3.048248e-03,100.0000,1,99.4894,0.997925,SAM,1,5.071754e-01,1,15.95,
telstar401,33,158.819,114.065,186.593,0.930823,SAM,0.5555,5.61220578e-04,equilibrium,5.22396783e-04,5.22396783e-04,0.000000e+00,100.0000,1,66.5266,1.000000,SAM,0,5.942184e-02,1,21.16,
telstar401,34,76.431,142.913,53.720,0.893322,SAM,0.3145,1.94935864e-03,equilibrium,1.74140432e-03,1.74140432e-03,0.000000e+00,100.0000,1,122.0369,1.000000,SAM,0,6.567213e-03,1,0.72,
telstar401,35,325.722,143.296,375.761,0.564068,LAM,0.4432,2.78687292e-04,cycling,1.87436267e-04,1.89251761e-04,2.020739e-02,100.0000,1,68.4013,0.838677,LAM,0,6.505968e-01,1,11.43,
telstar401,36,165.112,125.354,68.075,0.914630,SAM,0.4514,1.53829528e-03,equilibrium,1.40697058e-03,1.40697058e-03,0.000000e+00,100.0000,1,80.6209,1.000000,SAM,0,7.851379e-03,1,2.40,
telstar401,37,1.407,48.623,414.254,0.454600,LAM,0.2257,2.52791406e-04,cycling,2.18623108e-04,2.20326823e-04,1.548039e-02,100.0000,1,73.5323,0.525649,LAM,0,2.953750e-01,1,25.91,
telstar401,38,219.589,32.620,89.033,0.896654,SAM,0.3359,1.17619231e-03,equilibrium,1.05463802e-03,1.05463802e-03,0.000000e+00,100.0000,1,127.9795,1.000000,SAM,0,1.551097e-02,1,2.84,
telstar401,39,42.169,129.978,174.289,0.717107,LAM,0.7472,6.00838169e-04,equilibrium,4.30865119e-04,4.30865119e-04,8.807182e-16,100.0000,1,49.2843,1.000000,SAM,1,9.174330e-02,1,12.27,
telstar401,40,127.438,49.806,227.770,0.387134,LAM,0.0917,4.59760133e-04,cycling,2.29920565e-04,2.36592836e-04,5.888217e-02,100.0000,1,129.9866,0.774132,LAM,0,1.851960e-01,1,13.51,
telstar401,41,113.235,52.916,67.055,0.650127,LAM,0.6141,1.56170991e-03,equilibrium,1.01530961e-03,1.01530961e-03,0.000000e+00,100.0000,1,138.9592,1.000000,SAM,1,1.425755e-02,1,4.78,
telstar401,42,65.738,72.619,100.873,0.963134,SAM,0.7631,1.03812990e-03,equilibrium,9.99857997e-04,9.99857997e-04,0.000000e+00,100.0000,1,29.4826,1.000000,SAM,0,1.855062e-02,1,1.68,
telstar401,43,100.949,90.725,40.653,0.812566,LAM,0.9368,2.57596268e-03,equilibrium,2.09313899e-03,2.09313899e-03,0.000000e+00,100.0000,1,48.4159,1.000000,SAM,1,3.076162e-03,1,2.25,
telstar401,44,229.967,161.841,144.001,0.455845,LAM,0.2282,7.27216965e-04,equilibrium,3.31497889e-04,3.31497889e-04,1.635308e-15,100.0000,1,31.8440,1.000000,SAM,1,2.038274e-01,1,4.28,
telstar401,45,39.593,46.980,75.930,0.654760,LAM,0.6233,1.37916690e-03,equilibrium,9.03022803e-04,9.03022803e-04,0.000000e+00,100.0000,1,114.1887,1.000000,SAM,1,2.252394e-02,1,5.76,
telstar401,46,300.496,161.974,207.998,0.883658,SAM,0.2524,5.03465743e-04,equilibrium,4.44891685e-04,4.44891685e-04,3.655504e-16,100.0000,1,30.3961,1.000000,SAM,0,8.805234e-02,1,9.29,
telstar401,47,81.699,130.631,35.139,0.873425,SAM,0.1867,2.98012411e-03,equilibrium,2.60291467e-03,2.60291467e-03,0.000000e+00,100.0000,1,101.2939,1.000000,SAM,0,3.080062e-03,1,0.61,
telstar401,48,12.055,148.644,150.267,0.934854,SAM,0.5814,6.96892474e-04,equilibrium,6.51492384e-04,6.51492384e-04,0.000000e+00,100.0000,1,146.6581,1.000000,SAM,0,4.165808e-02,1,9.36,
telstar401,49,307.776,23.643,59.887,0.795550,LAM,0.9030,1.74861690e-03,equilibrium,1.39111199e-03,1.39111199e-03,0.000000e+00,100.0000,1,24.0800,1.000000,SAM,1,9.967743e-03,1,4.23,
telstar401,50,151.565,73.491,475.710,0.697706,LAM,0.7087,2.20133656e-04,cycling,1.71173076e-04,1.73026098e-04,2.149015e-02,100.0000,1,73.9921,0.897271,SAM,1,7.747636e-01,1,17.80,
telstar401,51,102.981,150.398,320.731,0.952418,SAM,0.6943,3.26503798e-04,equilibrium,3.10968186e-04,3.10968186e-04,8.367689e-15,100.0000,1,38.1722,1.000000,SAM,0,1.652762e-01,1,14.17,
telstar401,52,338.653,102.453,90.678,0.421564,LAM,0.1601,1.15485272e-03,equilibrium,4.86844163e-04,4.86844163e-04,0.000000e+00,100.0000,1,100.1975,1.000000,SAM,1,7.158390e-02,1,9.49,
telstar401,53,88.675,63.825,56.881,0.443416,LAM,0.2035,1.84103074e-03,equilibrium,8.16343087e-04,8.16343087e-04,0.000000e+00,100.0000,1,158.3763,1.000000,SAM,1,2.678208e-02,1,4.92,
telstar401,54,246.810,156.928,82.205,0.695568,LAM,0.7044,1.27389021e-03,equilibrium,8.86077264e-04,8.86077264e-04,0.000000e+00,100.0000,1,143.7877,1.000000,SAM,1,2.328659e-02,1,1.83,
telstar401,55,328.611,123.442,207.625,0.919747,SAM,0.4843,5.04369878e-04,equilibrium,4.63892511e-04,4.63892511e-04,0.000000e+00,100.0000,1,116.0903,1.000000,SAM,0,7.873703e-02,1,9.62,
telstar401,56,330.604,115.826,45.777,0.799028,LAM,0.9099,2.28758581e-03,equilibrium,1.82784494e-03,1.82784494e-03,0.000000e+00,100.0000,1,86.9853,1.000000,SAM,1,5.417930e-03,1,2.63,
telstar401,57,259.945,92.042,226.509,0.521590,LAM,0.3588,4.62320595e-04,equilibrium,2.41141925e-04,2.41142238e-04,3.595582e-06,100.0000,1,119.8378,0.999999,SAM,1,3.092205e-01,1,14.29,
telstar401,58,289.772,28.546,63.786,0.905139,SAM,0.3904,1.64173465e-03,equilibrium,1.48599827e-03,1.48599827e-03,0.000000e+00,100.0000,1,65.4383,1.000000,SAM,0,7.919058e-03,1,3.87,
telstar401,59,196.420,152.506,33.798,0.907620,SAM,0.4064,3.09836276e-03,equilibrium,2.81213461e-03,2.81213461e-03,0.000000e+00,100.0000,1,55.4682,1.000000,SAM,0,1.541358e-03,1,1.24,
telstar401,60,185.088,112.000,362.486,0.932111,SAM,0.5638,2.88893085e-04,equilibrium,2.69280464e-04,2.69280464e-04,6.716864e-12,100.0000,1,125.2602,1.000000,SAM,0,2.261208e-01,1,17.08,
telstar401,61,240.489,126.078,120.244,0.938310,SAM,0.6036,8.70891144e-04,equilibrium,8.17165438e-04,8.17165438e-04,0.000000e+00,100.0000,1,43.4886,1.000000,SAM,0,2.711758e-02,1,1.29,
telstar401,62,132.141,70.367,387.334,0.640404,LAM,0.5948,2.70360192e-04,cycling,1.80587556e-04,1.82526093e-04,2.251959e-02,100.0000,1,112.1483,0.958758,SAM,1,6.343779e-01,1,14.80,
telstar401,63,272.457,141.116,216.025,0.927472,SAM,0.5339,4.84757331e-04,equilibrium,4.49598754e-04,4.49598754e-04,0.000000e+00,100.0000,1,145.9235,1.000000,SAM,0,8.647228e-02,1,8.20,
telstar401,64,359.993,164.931,105.070,0.676758,LAM,0.6670,9.96671059e-04,equilibrium,6.74504958e-04,6.74504958e-04,1.607404e-16,100.0000,1,74.5835,1.000000,SAM,1,3.937187e-02,1,5.81,
telstar401,65,9.429,100.470,50.077,0.789298,LAM,0.8906,2.09116409e-03,equilibrium,1.65055175e-03,1.65055175e-03,0.000000e+00,100.0000,1,95.6671,1.000000,SAM,1,6.724953e-03,1,18.82,
telstar401,66,58.122,121.181,94.894,0.891964,SAM,0.3058,1.10355007e-03,equilibrium,9.84326760e-04,9.84326760e-04,0.000000e+00,100.0000,1,142.2498,1.000000,SAM,0,1.905649e-02,1,2.84,
telstar401,67,30.345,110.441,107.514,0.978752,SAM,0.8635,9.74007056e-04,equilibrium,9.53311697e-04,9.53311697e-04,0.000000e+00,100.0000,1,94.9346,1.000000,SAM,0,2.001085e-02,1,6.33,
telstar401,68,255.436,67.072,182.623,0.867572,SAM,0.1490,5.73419627e-04,equilibrium,4.97482734e-04,4.97482734e-04,0.000000e+00,100.0000,1,90.7242,1.000000,SAM,0,7.093407e-02,1,5.39,
telstar401,69,216.793,105.811,339.239,0.740147,LAM,0.7930,3.08689961e-04,equilibrium,2.28476113e-04,2.28476483e-04,4.232781e-06,100.0000,1,144.7389,0.999999,SAM,1,3.356737e-01,1,24.20,
telstar401,70,72.789,81.946,124.204,0.936248,SAM,0.5903,8.43129896e-04,equilibrium,7.89378946e-04,7.89378946e-04,0.000000e+00,100.0000,1,138.8935,1.000000,SAM,0,2.876851e-02,1,2.67,
telstar401,71,117.846,58.927,39.159,0.779316,LAM,0.8708,2.67420371e-03,equilibrium,2.08404903e-03,2.08404903e-03,0.000000e+00,100.0000,1,93.5717,1.000000,SAM,1,3.381598e-03,1,2.07,
telstar401,72,314.615,55.312,262.321,0.424905,LAM,0.1668,3.99204459e-04,cycling,2.15891122e-04,2.20715966e-04,4.541126e-02,100.0000,1,99.7680,0.785693,LAM,0,2.946812e-01,1,10.15,
telstar401,73,228.227,22.744,135.907,0.429643,LAM,0.1762,7.70525679e-04,equilibrium,3.31050660e-04,3.31050660e-04,9.825102e-16,100.0000,1,124.8179,1.000000,SAM,1,1.977608e-01,1,6.00,
telstar401,74,29.253,77.219,237.893,0.659794,LAM,0.6333,4.40196239e-04,equilibrium,2.90438672e-04,2.90438672e-04,1.562253e-13,100.0000,1,70.9488,1.000000,SAM,1,2.033590e-01,1,23.64,
telstar401,75,85.153,133.044,161.799,0.543718,LAM,0.4028,6.47220274e-04,equilibrium,3.51905202e-04,3.51905202e-04,1.078332e-15,100.0000,1,163.7125,1.000000,SAM,1,1.291167e-01,1,8.98,
telstar401,76,334.057,75.435,457.511,0.524218,LAM,0.3640,2.28890150e-04,cycling,1.89999632e-04,1.91719202e-04,1.803539e-02,100.0000,1,98.5548,0.631519,LAM,0,1.209103e-01,1,4.00,
telstar401,77,173.069,24.515,258.518,0.969875,SAM,0.8064,4.05077166e-04,equilibrium,3.92874312e-04,3.92874312e-04,0.000000e+00,100.0000,1,106.4268,1.000000,SAM,0,1.024894e-01,1,12.65,
telstar401,78,316.409,128.180,30.277,0.486610,LAM,0.2893,3.45870304e-03,equilibrium,1.68303873e-03,1.68303873e-03,0.000000e+00,100.0000,1,59.3417,1.000000,SAM,1,6.974632e-03,1,2.45,
telstar401,79,111.935,85.070,392.938,0.479722,LAM,0.2756,2.66504320e-04,cycling,2.10768888e-04,2.13281746e-04,2.369794e-02,100.0000,1,110.0687,0.606579,LAM,0,2.064365e-01,1,8.27,
telstar401,80,156.442,66.179,102.491,0.551072,LAM,0.4174,1.02174609e-03,equilibrium,5.63056007e-04,5.63056007e-04,1.925567e-16,100.0000,1,106.8220,1.000000,SAM,1,5.083010e-02,1,7.24,
telstar401,81,60.455,44.789,32.598,0.371840,LAM,0.0613,3.21246092e-03,equilibrium,1.19452084e-03,1.19452084e-03,0.000000e+00,100.0000,1,49.8574,1.000000,SAM,1,1.011913e-02,1,2.34,
telstar401,82,183.195,116.886,340.564,0.972114,SAM,0.8208,3.07489173e-04,equilibrium,2.98914525e-04,2.98914525e-04,6.347479e-15,100.0000,1,121.7870,1.000000,SAM,0,1.829565e-01,1,15.82,
telstar401,83,128.876,109.677,113.091,0.902393,SAM,0.3728,9.25978452e-04,equilibrium,8.35596303e-04,8.35596303e-04,0.000000e+00,100.0000,1,97.3995,1.000000,SAM,0,2.241257e-02,1,4.78,
telstar401,84,351.843,95.116,280.126,0.923901,SAM,0.5110,3.73830891e-04,equilibrium,3.45382732e-04,3.45382732e-04,0.000000e+00,100.0000,1,101.3015,1.000000,SAM,0,1.410242e-01,1,14.63,
telstar401,85,6.901,87.072,420.111,0.705293,LAM,0.7237,2.49267037e-04,cycling,1.78652657e-04,1.79557507e-04,1.095990e-02,100.0000,1,82.8123,0.984067,SAM,1,6.285873e-01,1,27.21,
telstar401,86,205.267,63.257,318.772,0.966400,SAM,0.7841,3.28509830e-04,equilibrium,3.17471984e-04,3.17471984e-04,0.000000e+00,100.0000,1,60.2023,1.000000,SAM,0,1.537956e-01,1,15.48,
telstar401,87,164.716,152.240,73.846,0.750669,LAM,0.8139,1.41807481e-03,equilibrium,1.06450544e-03,1.06450544e-03,0.000000e+00,100.0000,1,65.6744,1.000000,SAM,1,1.278974e-02,1,4.29,
telstar401,88,49.685,122.382,166.831,0.582358,LAM,0.4795,6.27701489e-04,equilibrium,3.65547105e-04,3.65547105e-04,8.897913e-16,100.0000,1,136.7385,1.000000,SAM,1,1.514464e-01,1,9.60,
telstar401,89,142.679,118.764,72.523,0.785057,LAM,0.8822,1.44394834e-03,equilibrium,1.13358187e-03,1.13358187e-03,0.000000e+00,100.0000,1,68.7545,1.000000,SAM,1,1.225560e-02,1,2.90,
telstar401,90,177.383,27.191,439.709,0.910827,SAM,0.4270,2.38157180e-04,equilibrium,2.16920073e-04,2.16920224e-04,1.729822e-06,100.0000,1,26.1851,0.999999,SAM,0,3.411211e-01,1,25.49,
telstar401,91,281.686,79.223,129.004,0.862690,SAM,0.1177,8.11758086e-04,equilibrium,7.00295637e-04,7.00295637e-04,0.000000e+00,100.0000,1,91.4798,1.000000,SAM,0,3.661719e-02,1,6.25,
telstar401,92,294.187,160.014,78.156,0.928609,SAM,0.5413,1.33987911e-03,equilibrium,1.24422354e-03,1.24422354e-03,0.000000e+00,100.0000,1,46.8426,1.000000,SAM,0,1.223846e-02,1,3.21,
telstar401,93,122.304,147.115,156.748,0.920872,SAM,0.4915,6.68077762e-04,equilibrium,6.15214091e-04,6.15214091e-04,0.000000e+00,100.0000,1,75.9912,1.000000,SAM,0,4.059414e-02,1,6.56,
telstar401,94,47.739,19.318,115.731,0.571582,LAM,0.4581,9.04856630e-04,equilibrium,5.17199503e-04,5.17199503e-04,0.000000e+00,100.0000,1,145.3274,1.000000,SAM,1,6.568458e-02,1,3.53,
telstar401,95,221.902,139.551,55.171,0.857135,SAM,0.0820,1.89808791e-03,equilibrium,1.62691705e-03,1.62691705e-03,0.000000e+00,100.0000,1,20.5809,1.000000,SAM,0,6.708872e-03,1,1.31,
telstar401,96,280.428,136.483,63.259,0.949894,SAM,0.6780,1.65540716e-03,equilibrium,1.57246104e-03,1.57246104e-03,0.000000e+00,100.0000,1,118.5216,1.000000,SAM,0,7.947397e-03,1,3.02,
